CTGCGGTATC,0
CCGATGTACC,0
CAGTGGCGCA,0
CTAAATATAT,0
CTCAGGGACC,0
CCGTAGTTCA,0
TTAGTCTACT,0
CCAAAGAAGT,0
CCGGTGGCCG,0
AGGAGGGAAA,0
CTCAGGGATA,0
CGTCGCGTAA,0
GCCTGGGGCG,0
GCGAACAGCA,0
GCGCTCCACA,0
CTGCTCTCCA,0
TCTCGGGCCT,0
AGGAGTGCCG,0
GCGAGGACCA,0
GCCAAAGGCT,0
GATTGTAAAC,0
TCGAAGGATG,0
CAGCCGAAGA,0
ACACGCCACA,0
TAAAATCTCT,0
CCGGGTGAGT,0
CAGCAGGAAT,0
TCTAGGGCCA,0
TCATTTTACA,0
TCTCGAGAGA,0
CCAGAGCACA,0
ACACGGACGA,1
AACATCACGT,1
AGTTAAACTG,1
ACCGTGCTGG,1
AACTGTAATG,1
ACTGAGTTTG,1
GCCTTTTGGA,1
GGGTAACCAG,1
GACTTAACGT,1
ACTTTGACAT,1
AACACCACGC,1
AGCTCTACGC,1
TCCATTACTC,2
CCCCGGACTA,2
TGCCAGCCAG,2
CCGCAGGCTC,2
TCAAACACGC,2
ACCCTTACTA,2
TTTGAAATTA,2
TACAAGATTA,2
GCCAACTCAT,2
TACCCCCATT,2
ATGAATACTC,2
AACCAGCCTT,2
CTCCGGATTA,2
GTGCAGCGAA,2
ACACAGTGTG,2
TCAAAAAGGT,2
ATGAACTCTT,2
